titulo;precio
A Light in the Attic;Â51.77
Tipping the Velvet;Â53.74
Soumission;Â50.10
Sharp Objects;Â47.82
Sapiens: A Brief History of Humankind;Â54.23
The Requiem Red;Â22.65
The Dirty Little Secrets of Getting Your Dream Job;Â33.34
The Coming Woman: A Novel Based on the Life of the Infamous Feminist, Victoria Woodhull;Â17.93
The Boys in the Boat: Nine Americans and Their Epic Quest for Gold at the 1936 Berlin Olympics;Â22.60
The Black Maria;Â52.15
Starving Hearts (Triangular Trade Trilogy, #1);Â13.99
Shakespeare's Sonnets;Â20.66
Set Me Free;Â17.46
Scott Pilgrim's Precious Little Life (Scott Pilgrim #1);Â52.29
Rip it Up and Start Again;Â35.02
Our Band Could Be Your Life: Scenes from the American Indie Underground, 1981-1991;Â57.25
Olio;Â23.88
Mesaerion: The Best Science Fiction Stories 1800-1849;Â37.59
Libertarianism for Beginners;Â51.33
It's Only the Himalayas;Â45.17
In Her Wake;Â12.84
How Music Works;Â37.32
Foolproof Preserving: A Guide to Small Batch Jams, Jellies, Pickles, Condiments, and More: A Foolproof Guide to Making Small Batch Jams, Jellies, Pickles, Condiments, and More;Â30.52
Chase Me (Paris Nights #2);Â25.27
Black Dust;Â34.53
Birdsong: A Story in Pictures;Â54.64
America's Cradle of Quarterbacks: Western Pennsylvania's Football Factory from Johnny Unitas to Joe Montana;Â22.50
Aladdin and His Wonderful Lamp;Â53.13
Worlds Elsewhere: Journeys Around Shakespeareâs Globe;Â40.30
Wall and Piece;Â44.18
The Four Agreements: A Practical Guide to Personal Freedom;Â17.66
The Five Love Languages: How to Express Heartfelt Commitment to Your Mate;Â31.05
The Elephant Tree;Â23.82
The Bear and the Piano;Â36.89
Sophie's World;Â15.94
Penny Maybe;Â33.29
Maude (1883-1993):She Grew Up with the country;Â18.02
In a Dark, Dark Wood;Â19.63
Behind Closed Doors;Â52.22
You can't bury them all: Poems;Â33.63
Slow States of Collapse: Poems;Â57.31
Reasons to Stay Alive;Â26.41
Private Paris (Private #10);Â47.61
#HigherSelfie: Wake Up Your Life. Free Your Soul. Find Your Tribe.;Â23.11
Without Borders (Wanderlove #1);Â45.07
When We Collided;Â31.77
We Love You, Charlie Freeman;Â50.27
Untitled Collection: Sabbath Poems 2014;Â14.27
Unseen City: The Majesty of Pigeons, the Discreet Charm of Snails & Other Wonders of the Urban Wilderness;Â44.18
Unicorn Tracks;Â18.78
Unbound: How Eight Technologies Made Us Human, Transformed Society, and Brought Our World to the Brink;Â25.52
Tsubasa: WoRLD CHRoNiCLE 2 (Tsubasa WoRLD CHRoNiCLE #2);Â16.28
Throwing Rocks at the Google Bus: How Growth Became the Enemy of Prosperity;Â31.12
This One Summer;Â19.49
Thirst;Â17.27
The Torch Is Passed: A Harding Family Story;Â19.09
The Secret of Dreadwillow Carse;Â56.13
The Pioneer Woman Cooks: Dinnertime: Comfort Classics, Freezer Food, 16-Minute Meals, and Other Delicious Ways to Solve Supper!;Â56.41
The Past Never Ends;Â56.50
The Natural History of Us (The Fine Art of Pretending #2);Â45.22
